solID,facebook_S_alphas,facebook_S_gammas,facebook_S_thetas,newsletter_alphas,newsletter_gammas,newsletter_thetas,ooh_S_alphas,ooh_S_gammas,ooh_S_thetas,print_S_alphas,print_S_gammas,print_S_thetas,search_S_alphas,search_S_gammas,search_S_thetas,tv_S_alphas,tv_S_gammas,tv_S_thetas,lambda,mape,nrmse,decomp.rssd,rsq_train,lambda_hp,lambda_max,pos,Elapsed,ElapsedAccum,iterPar,iterNG,df.int,trial,iterations,coef0,mape.qt10,robynPareto
1_108_12,0.802707641587821,0.776585557177561,0.220079433043436,2.63555107857555,0.712409775365844,0.178870088230939,0.547771515135912,0.354508797810504,0.351698170934471,2.5119947163787,0.679575776659359,0.292240457929613,0.840945607608029,0.321429109040068,0.0053770099564316,1.8044403907331,0.773521268612544,0.591488138298257,762404.414566662,0,0.0719454180970344,0.0346142419106839,0.89965002506728,0.01154427783359,65481090.2533626,0,0.682394027709961,82.5906248092652,12,108,0,1,1296,FALSE,TRUE,3
1_139_3,0.668762392966784,0.56619162303879,0.249708656846621,0.603207773363227,0.610528490715969,0.28735373661739,0.532387891885309,0.330251066363968,0.287848275343271,2.63456721794577,0.560836975701723,0.288248715626608,1.59185940789608,0.302863963079699,0.0530970298356126,1.68626443224045,0.408976970640334,0.3308450405961,87017.5202694516,0,0.0571097353525195,0.0995536559056144,0.937456116074036,0.00122901831167788,65481090.2533626,0,0.461660146713257,124.056525945663,3,139,1,1,1659,FALSE,TRUE,3
1_141_9,0.515754845592047,0.597458284847741,0.218169115673214,0.526696123853976,0.849636920158922,0.297673106689071,0.541607904141977,0.341689847842037,0.331841674752135,2.63456721794577,0.560836975701723,0.288248715626608,1.59185940789608,0.302863963079699,0.0530970298356126,1.68626443224045,0.408976970640334,0.3308450405961,87017.5202694516,0,0.0570416632886374,0.100701805481785,0.937605125831239,0.00122901831167788,65481090.2533626,0,0.512879848480225,126.517805814743,9,141,1,1,1689,FALSE,TRUE,3
1_149_11,0.848262937316294,0.577714748634971,0.251496371291535,1.52336785426026,0.706744802922884,0.34843611745106,0.544749755872591,0.303821150656606,0.314635534349185,2.5351806035939,0.473932789278289,0.242565969930158,2.3931363669732,0.857204391015175,0.0728906614763327,1.47702869229776,0.477212874173218,0.327715778858047,64267.466043493,0,0.0553654440502294,0.144849418842474,0.941218302062097,0.000881554190801603,65481090.2533626,0,0.486655950546265,133.690032958984,11,149,1,1,1787,FALSE,TRUE,3
1_157_2,0.809436080615298,0.322029455871332,0.262571600707046,0.63812526991622,0.755811836008396,0.379829215960801,0.856694689075537,0.773543406766851,0.271811850847561,2.92254761085967,0.42912620627285,0.204543848947569,1.39602325912872,0.682711102744905,0.00233280878414628,1.5897751672344,0.426640666794829,0.328030878578594,107765.293742454,0,0.0540966338297896,0.185327300962974,0.943264946247505,0.00154590137482728,65481090.2533626,0,0.472233057022095,141.557089805603,2,157,0,1,1874,FALSE,TRUE,2
1_158_11,0.89455946912943,0.737598454170037,0.247463055779903,1.32679876603388,0.660204612676293,0.310757403133922,0.60911969644025,0.332976689537785,0.356235192376816,2.69817628086646,0.4275708107977,0.169018833901541,2.42267978780565,0.723128116599085,0.0105067650991304,1.64887634056846,0.30738885756995,0.316140734057083,28067.6423273808,0,0.0529004087337973,0.203678403967041,0.946336053613995,0.000328670237274897,65481090.2533626,0,0.490921020507813,142.484282970428,11,158,1,1,1895,FALSE,TRUE,1
1_158_8,0.717473603350232,0.784159364247438,0.227034907292483,1.58996045049702,0.846744746744304,0.357055252479195,0.529461878058724,0.475292022784686,0.267795285860705,2.92839005405344,0.311292118469581,0.142128633201863,2.8979742965519,0.699545817101838,0.113799617729552,1.47025764559247,0.349282740074216,0.332223214763351,17187.8677319869,0,0.052223230587365,0.250999716940679,0.947701164323046,0.000162502223890248,65481090.2533626,0,0.4738450050354,142.459759950638,8,158,1,1,1892,TRUE,TRUE,2
1_161_2,0.717473603350232,0.604860189312116,0.236398833801168,1.1113471859383,0.624992557694464,0.330409243470695,0.542293004961369,0.570686750189414,0.298997158836723,2.59241533991674,0.422517295576922,0.137921021339285,2.73541724224731,0.86897387316628,0.113799617729552,1.47025764559247,0.349282740074216,0.332223214763351,17187.8677319869,0,0.0526782703158334,0.233826352866528,0.946785796653207,0.000162502223890248,65481090.2533626,0,0.434755086898804,145.594173908234,2,161,1,1,1922,FALSE,TRUE,3
1_165_9,0.95255273558464,0.323548414294679,0.284555601462694,2.01025165384378,0.692967463786536,0.317643037177123,0.623627734844753,0.362398426741734,0.325166253108514,2.92418072622765,0.334949116170584,0.155101054543234,2.8154237296079,0.887432353305921,0.0484861526410118,1.61389809222831,0.372422191710731,0.347955698275193,78425.8840317741,0,0.0554280590161146,0.140316447241461,0.941085269794405,0.00109779729116677,65481090.2533626,0,0.473882913589478,149.455228805542,9,165,1,1,1977,FALSE,TRUE,3
1_166_2,0.717473603350232,0.784159364247438,0.126483302422447,2.0448962519857,0.940162713853411,0.346970161213996,0.501283431101985,0.475292022784686,0.267795285860705,2.92839005405344,0.311292118469581,0.142128633201863,2.8979742965519,0.699545817101838,0.113799617729552,1.47025764559247,0.349282740074216,0.332223214763351,17187.8677319869,0,0.0519187682976297,0.257631883275643,0.948309192870454,0.000162502223890248,65481090.2533626,0,0.449697971343994,150.300701856613,2,166,1,1,1982,TRUE,TRUE,1
1_166_5,0.89455946912943,0.737598454170037,0.247463055779903,1.32679876603388,0.660204612676293,0.310757403133922,0.60911969644025,0.546469169164032,0.356235192376816,2.69817628086646,0.4275708107977,0.169018833901541,2.42267978780565,0.723128116599085,0.0105067650991304,1.64887634056846,0.30738885756995,0.316140734057083,28067.6423273808,0,0.0528655409291562,0.20459012127579,0.946406772437833,0.000328670237274897,65481090.2533626,0,0.446099042892456,150.302160978317,5,166,1,1,1985,FALSE,TRUE,1
1_55_10,0.910238884875687,0.665634022885797,0.196632690387685,2.39993192207748,0.793970512024394,0.262252158982184,0.601706089231005,0.305263006026722,0.345666041761135,2.37656788857391,0.675601949149341,0.358454902495166,0.780192509892778,0.309042070317832,0.0348705648813174,1.90349287643294,0.569507440636403,0.564517298126899,1084729.07617021,0,0.0793841079018392,0.0316052439069289,0.877826188157588,0.0164671784152083,65481090.2533626,0,0.385036945343018,39.7948589324951,10,55,0,1,658,FALSE,TRUE,3
2_114_4,1.10002943563035,0.595977254670339,0.245799738845874,1.81170101919153,0.782115694458157,0.343824008301052,0.724840680853268,0.538832299190279,0.393883216656827,2.9426918675376,0.436164498460956,0.141371633811604,2.87144013521666,0.730324229576103,0.182358656029984,2.09082845965328,0.328709542438211,0.349919692142927,52696.4935178216,0,0.0541429721315712,0.177281095288332,0.9437854502645,0.00070482943417538,65481090.2533626,0,0.362582921981812,93.6751799583435,4,114,1,2,1360,FALSE,TRUE,1
2_116_10,1.10002943563035,0.595977254670339,0.245799738845874,2.12012833131696,0.703035084294792,0.337012787916226,0.592482140297115,0.522760144011083,0.393136916232227,2.91796520314915,0.436164498460956,0.141371633811604,2.87144013521666,0.730324229576103,0.182358656029984,2.09082845965328,0.328709542438211,0.349919692142927,52696.4935178216,0,0.0540852514441291,0.179896968924198,0.943905244681074,0.00070482943417538,65481090.2533626,0,0.383411884307861,95.1888110637665,10,116,1,2,1390,FALSE,TRUE,1
2_121_11,1.32013253136532,0.649494644860616,0.289768133092282,2.51401711274338,0.730083654342012,0.282140386295416,0.774558950630318,0.327457317668064,0.382128638923647,2.48623076926929,0.461600106854925,0.100025661017742,2.91275398769997,0.754755438445182,0.0892288661547062,2.15438662407672,0.336601038500197,0.376901179540627,25173.9253840574,0,0.052731700902571,0.231147318509456,0.946677793560986,0.000284474174980269,65481090.2533626,0,0.425114870071411,98.9078540802002,11,121,1,2,1451,TRUE,TRUE,3
2_126_11,1.72894720211661,0.657110581746308,0.283370306373954,2.84072973526218,0.794491275809597,0.245594548193369,0.629166555546115,0.506068879740099,0.386969434274699,2.48623076926929,0.461600106854925,0.100025661017742,2.91275398769997,0.754755438445182,0.0892288661547062,2.15438662407672,0.336601038500197,0.376901179540627,25173.9253840574,0,0.0524667916867285,0.227136296149379,0.947212199327393,0.000284474174980269,65481090.2533626,0,0.71637487411499,103.381416082382,11,126,1,2,1511,TRUE,TRUE,1
2_126_12,0.956834736867665,0.675411123015061,0.292558850885581,2.61540394214043,0.779184039206323,0.142784834280047,0.652340037368036,0.49832293428955,0.379400714876602,2.57898935030164,0.733798636915376,0.213118364563419,1.27194489801241,0.39272868650018,0.116325742976647,2.18653361366027,0.318743106041609,0.331140788420445,225635.294678635,0,0.0562923219637441,0.104268416358933,0.938565926534986,0.00334614307298745,65481090.2533626,0,0.743515014648438,103.417695999146,12,126,0,2,1512,FALSE,TRUE,2
2_132_6,0.711801594141261,0.65800358591657,0.281643342108714,2.3832920281819,0.614668250362715,0.155014885380891,0.624908553637115,0.436553953649357,0.367956430351122,2.76003015959937,0.493954265680741,0.273232815992426,0.708868685212859,0.373779762938279,0.060828675286353,1.67169924593397,0.363620183216962,0.316035105696007,456968.875439334,0,0.0616676120656636,0.0587976866043574,0.926273222775892,0.00687932670718117,65481090.2533626,0,0.453624963760376,108.48486495018,6,132,0,2,1578,FALSE,TRUE,3
2_132_7,1.70106532267313,0.541137311178936,0.189685353112398,0.761161549368122,0.747635056488956,0.305444628582172,0.816167864147093,0.49473660440396,0.397275152632626,2.79250733410274,0.389024153328911,0.116494716256024,2.95596920049104,0.728990817046163,0.215701455576321,2.00752011374006,0.335114965433222,0.351659534935231,17789.9506534571,0,0.0527507331137033,0.22742825133296,0.946639295935675,0.00017169790364228,65481090.2533626,0,0.443515062332153,108.476864099503,7,132,1,2,1579,TRUE,TRUE,2
2_133_1,2.05704894252448,0.645454172891482,0.260358943815306,2.51932898744279,0.862180182264412,0.390083480523917,0.859550647532642,0.405264472739743,0.396558693991105,2.8976650520815,0.398371152277191,0.201047848539676,2.00318496293733,0.981547356250158,0.22397097625677,1.77529108832442,0.325179670158755,0.366402586896146,19898.3702465673,0,0.0521022468929895,0.266507054476686,0.947943201330648,0.000203900031737536,65481090.2533626,0,0.416646957397461,109.29957318306,1,133,1,2,1585,TRUE,TRUE,3
2_133_8,1.0720163888739,0.587999376274889,0.234970743011698,1.7101080883742,0.861222410847707,0.132382018683135,0.722791023521061,0.368007786631071,0.375109230467551,2.23595668449018,0.372268992521844,0.131487897603694,2.93883082309164,0.978859032930597,0.177387124950552,1.64685735788535,0.334506322520463,0.336837079574223,49150.6011288766,0,0.05365568369714,0.201420934501883,0.944792762249169,0.000650672623408714,65481090.2533626,0,0.423969030380249,109.322369098663,8,133,1,2,1592,FALSE,TRUE,2
2_136_2,1.0720163888739,0.587999376274889,0.234970743011698,1.7101080883742,0.861222410847707,0.132382018683135,0.722791023521061,0.368007786631071,0.382181902234989,2.42466519444163,0.372268992521844,0.131487897603694,2.93883082309164,0.978859032930597,0.177387124950552,1.64685735788535,0.334506322520463,0.336837079574223,49150.6011288766,0,0.0536297105218779,0.19845965706728,0.944846197788758,0.000650672623408714,65481090.2533626,0,0.410064935684204,111.729943037033,2,136,1,2,1622,FALSE,TRUE,1
2_136_4,0.580005285547239,0.6121905623385,0.261852227793796,2.25547776578376,0.776151833745832,0.276595021677388,0.672861844675674,0.416544136285404,0.383982390143367,2.5086099912955,0.389731440668006,0.14035639312216,2.38122271442202,0.869824446986943,0.147469547609721,1.89433649704814,0.328645986655147,0.34321735917013,63846.3118858437,0,0.0542565341273409,0.172235897181729,0.943549388922247,0.000875121856281099,65481090.2533626,0,0.418733835220337,111.741973161697,4,136,1,2,1624,FALSE,TRUE,1
2_136_7,2.07745801989244,0.694569011224948,0.289232122036556,2.7761775364489,0.840464043130523,0.188578027505446,0.677653048243083,0.542332821188907,0.386367008443444,2.33800878351741,0.301695238057967,0.151225971729454,2.46805918054314,0.949245173722833,0.241446349227018,1.59342012992115,0.348260717482022,0.362849642171046,27836.3809417546,0,0.0523206180990409,0.252969390746467,0.947505925444031,0.000325138156285062,65481090.2533626,0,0.415671825408936,111.746095180511,7,136,1,2,1627,TRUE,TRUE,3
2_141_4,0.580005285547239,0.6121905623385,0.261852227793796,2.25547776578376,0.666208666677247,0.395342830006012,0.604725118318899,0.400885994543145,0.389398316374395,2.97257512700089,0.497306848990397,0.13247292278788,2.70392747816084,0.694687691669559,0.100199393052093,1.89433649704814,0.328645986655147,0.34321735917013,63846.3118858389,0,0.0548814450665411,0.149120927980059,0.942241536963802,0.000875121856281025,65481090.2533626,0,0.500982046127319,116.730367183685,4,141,1,2,1684,FALSE,TRUE,3
2_143_10,0.580005285547239,0.6121905623385,0.261852227793796,2.25547776578376,0.666208666677247,0.395342830006012,0.604725118318899,0.400885994543145,0.389398316374395,2.97257512700089,0.497306848990397,0.156603613614236,1.93413491690589,0.425123033754455,0.100199393052093,1.89433649704814,0.328645986655147,0.34321735917013,63846.3118858389,0,0.0547433522013311,0.161492326699951,0.9425318353327,0.000875121856281025,65481090.2533626,0,0.502157926559448,118.596011161804,10,143,1,2,1714,FALSE,TRUE,3
2_145_1,1.70106532267313,0.541137311178936,0.189685353112398,0.761161549368121,0.747635056488956,0.247780523390454,0.688512004251047,0.553217609185025,0.398186005566668,2.4090056742277,0.707375855349878,0.137142692592681,2.62814199950218,0.764761653014899,0.158921038191264,2.00752011374006,0.335114965433222,0.351659534935231,17789.9506534571,0,0.0534644075117471,0.212993191153544,0.945185675239653,0.00017169790364228,65481090.2533626,0,0.397809982299805,120.203773975372,1,145,1,2,1729,TRUE,TRUE,3
2_145_12,2.35383876948448,0.64595265801615,0.250468133794189,2.37214974480438,0.786403701738935,0.390100095610434,0.724137440890999,0.514231763250024,0.39798258376495,2.84727784346974,0.424219310635926,0.18311669127433,2.49230883168439,0.860214115729921,0.235570811442274,2.0332198910457,0.325189981418354,0.367534946152057,20515.1986877487,0,0.0523347478692431,0.241560685723868,0.947477568387347,0.000213320921460166,65481090.2533626,0,0.42126202583313,120.255481958389,12,145,1,2,1740,TRUE,TRUE,1
2_145_4,0.736943116795626,0.59014911442394,0.242288624355144,2.26903271967037,0.646633212541258,0.395732447299114,0.653869459410879,0.431079295431997,0.376289800157548,2.60224329107964,0.334735819318382,0.189569780847716,1.92899307229014,0.69684353936654,0.122081069467774,1.65581519947204,0.327089689812187,0.355656956482118,12232.6850293987,0,0.0520679829972973,0.263919892267327,0.948011646832743,0.0000868211646525285,65481090.2533626,0,0.407350063323975,120.218074083328,4,145,1,2,1732,TRUE,TRUE,2
2_145_7,1.28486984656949,0.583550552619834,0.270566751240096,1.47727282617719,0.731266841374243,0.370310896012509,0.844786473652704,0.330765948659525,0.386994960900839,2.40942762464194,0.399301957703178,0.152909388215936,2.44297871255505,0.884851050178341,0.0813977502282355,1.83685839796586,0.325105425428098,0.370765110886532,34731.3816699989,0,0.0533690792191669,0.216211610883937,0.945380971428844,0.000430446273034383,65481090.2533626,0,0.398355007171631,120.215708017349,7,145,1,2,1735,FALSE,TRUE,3
2_146_4,0.580005285547239,0.6121905623385,0.261852227793796,2.94698401667019,0.700323836380228,0.395342830006012,0.604725118318899,0.400885994543145,0.389398316374395,2.97257512700089,0.497306848990397,0.13247292278788,2.70392747816084,0.694687691669559,0.100199393052093,1.89433649704814,0.328645986655147,0.34321735917013,63846.3118858389,0,0.0545568484535698,0.156226357726975,0.942922741996877,0.000875121856281025,65481090.2533626,0,0.43526291847229,121.08593416214,4,146,1,2,1744,FALSE,TRUE,1
2_147_10,0.736943116795626,0.59014911442394,0.242288624355144,2.26903271967037,0.733961101248391,0.370692380171225,0.735156564528036,0.487288716814594,0.3851458761242,2.65745501205703,0.442942653448915,0.115447187474719,2.37905627297545,0.749112462502938,0.235293519780426,1.63657244450023,0.302726621080918,0.356851857683186,12232.6850293987,0,0.0518914506762144,0.282377174141354,0.948363573914465,0.0000868211646525285,65481090.2533626,0,0.457442045211792,121.977282047272,10,147,1,2,1762,TRUE,TRUE,2
2_147_4,0.734297517530668,0.532756793330204,0.167046381117978,1.42211276165594,0.845712829973143,0.286082185787502,0.731222922698701,0.553923082269157,0.398598872301562,2.88390446082847,0.461574928765838,0.182045057409513,1.32168588430512,0.424561246144626,0.182413379951199,1.76987756298786,0.36790410990849,0.324818076747922,52172.8309966645,0,0.0541271832587036,0.183332503411728,0.943818231433721,0.000696831477962068,65481090.2533626,0,0.453181028366089,121.955253124237,4,147,1,2,1756,FALSE,TRUE,3
2_148_2,0.868649158773715,0.649247390040871,0.276960376584379,2.3249242730055,0.830253719488077,0.25566419104257,0.770476372474858,0.514303135115503,0.383070384965843,2.61493351758091,0.318334430223131,0.101605790496852,2.94732772741063,0.350922451444793,0.133900112040649,2.10474224067319,0.324662348173782,0.311438968281336,213344.570957989,0,0.0548598107972028,0.150176337389344,0.941652856689065,0.00315842547591664,65481090.2533626,0,0.956317901611328,123.309714078903,2,148,0,2,1766,FALSE,TRUE,2
2_149_4,1.32880522901733,0.484557847614201,0.13728140509176,0.673390212793751,0.706876703204734,0.312713121853707,0.502138228785215,0.64495392524458,0.393134783974141,2.62765182669148,0.447651026156999,0.113762992091318,2.98079605054039,0.437595142660198,0.0360487074411671,2.05919821998214,0.316458706819002,0.35435963153011,8823.56540744566,0,0.0526687731186788,0.234932628376839,0.946804982561187,0.0000347532996426795,65481090.2533626,0,0.533552169799805,124.440078020096,4,149,1,2,1780,TRUE,TRUE,3
2_150_1,1.70106532267313,0.541137311178936,0.152278063480632,0.881800788990998,0.749980380690423,0.391388137392742,0.746512519039233,0.585625101105609,0.390227993009152,2.69996768801646,0.469268544586342,0.120254692008771,2.09226181073442,0.965161912524362,0.211747368633934,1.93095599053447,0.343088114550504,0.351659534935231,17789.9506534571,0,0.0529812895396686,0.221975391573051,0.946171831771627,0.00017169790364228,65481090.2533626,0,0.472366094589233,125.40815615654,1,150,1,2,1789,TRUE,TRUE,2
2_150_10,0.546773081528333,0.705852080936763,0.212222788178668,1.87091666350517,0.820928397695611,0.319695413568044,0.758204905016605,0.433741500366063,0.377762074533049,2.94309982760512,0.547228120654887,0.169873556138241,0.982113907969669,0.54742357314876,0.161885355045204,1.68318489673383,0.329289078701643,0.318497189323884,239148.665909148,0,0.0563206486122895,0.103202446861649,0.938504082958733,0.00355253430212691,65481090.2533626,0,0.530986070632935,125.489534139633,10,150,0,2,1798,FALSE,TRUE,2
2_150_12,2.35383876948448,0.64595265801615,0.250468133794189,2.37214974480438,0.786403701738935,0.390100095610434,0.532088356623954,0.570327799956921,0.399905268143794,2.7022041546431,0.502623223665701,0.166767518931885,2.70106784416902,0.708083428922896,0.25061212570136,2.0332198910457,0.325189981418354,0.367534946152057,20515.1986877439,0,0.0525238732364288,0.241902729360106,0.94709727525866,0.000213320921460092,65481090.2533626,0,0.516374826431274,125.481645107269,12,150,1,2,1800,TRUE,TRUE,2
2_151_4,0.580005285547239,0.6121905623385,0.261852227793796,2.25547776578376,0.666208666677247,0.395342830006012,0.604725118318899,0.400885994543145,0.387959301029806,2.99066961960503,0.41344550403999,0.109130252108874,2.71420263652885,0.987161344084743,0.100199393052093,1.89433649704814,0.328645986655147,0.34321735917013,63846.3118858389,0,0.0545136220656379,0.162868356651996,0.943013152874532,0.000875121856281025,65481090.2533626,0,0.83112382888794,126.716006994247,4,151,1,2,1804,FALSE,TRUE,1
2_151_5,0.538284833977148,0.637121858815474,0.265822176574397,2.97640095813043,0.624213009524244,0.169292575978361,0.673983334963185,0.339976362961302,0.37146959815034,2.89584401765334,0.927995208091784,0.25532795333737,0.837642704535647,0.391554449886851,0.0573503737163969,2.50944962114893,0.308391773885062,0.316719767094293,410065.924489497,0,0.0613662587146487,0.029420536354859,0.926992028785798,0.00616297269516775,65481090.2533626,0,0.83396315574646,126.72159409523,5,151,0,2,1805,FALSE,TRUE,1
2_152_4,0.591196063377807,0.4764015365759,0.225349611697242,2.58912637192168,0.930725199418763,0.102694842836171,0.836929062156407,0.540682499272476,0.378893251679664,2.55212973130136,0.491195421152091,0.153412040568723,2.9198718792583,0.587324272736682,0.110039431703509,2.08508445812726,0.325898456780345,0.337424162486066,6575.32102485799,0,0.0514911214411876,0.306597892899788,0.949157224226859,0.000000415611910072518,65481090.2533626,0,0.482980012893677,127.750797986984,4,152,1,2,1816,TRUE,TRUE,3
2_153_10,0.996024605613725,0.599219916203971,0.249010236635459,2.14719821821032,0.607715267116415,0.356322957002918,0.540421354816052,0.485858800723688,0.396721937245482,2.6999407035162,0.534453295224757,0.13247292278788,2.90389858520344,0.583087517740888,0.128110679788303,2.05153006713225,0.328696831281599,0.348579225548368,54926.4571914231,0,0.0546216355023585,0.167311659066353,0.942787101363693,0.00073888791859648,65481090.2533626,0,0.466672897338867,128.699064970016,10,153,1,2,1834,FALSE,TRUE,2
2_153_3,1.41374211246311,0.698137394083626,0.299880591691045,2.95311300734837,0.654134844564389,0.311719663644467,0.665649768931866,0.510438411815522,0.390888417966691,2.78651068878404,0.324102056733478,0.159020811021894,1.8306093236275,0.756611540856375,0.210105689158616,1.82828259339277,0.335917828726826,0.363167916131604,56027.6032843075,0,0.0537165016144453,0.206937454783824,0.944667538158174,0.000755705845943829,65481090.2533626,0,0.455709934234619,128.668481111527,3,153,1,2,1827,FALSE,TRUE,3
2_153_6,2.1996729132457,0.623953755847594,0.250468133794189,2.37214974480438,0.786403701738935,0.390100095610434,0.724137440890999,0.514231763250024,0.39798258376495,2.84727784346974,0.424219310635926,0.18311669127433,2.49230883168439,0.860214115729921,0.235570811442274,2.0332198910457,0.325189981418354,0.367534946152057,20515.1986877439,0,0.0523347478692429,0.241560685723876,0.947477568387347,0.000213320921460092,65481090.2533626,0,0.472613096237183,128.692733049393,6,153,1,2,1830,TRUE,TRUE,1
2_155_10,0.546773081528333,0.705852080936763,0.212222788178668,1.87091666350517,0.820928397695611,0.319695413568044,0.758204905016605,0.362175689754102,0.36643790840369,2.94309982760512,0.547228120654887,0.169873556138241,0.982113907969669,0.54742357314876,0.161885355045204,1.68318489673383,0.329289078701643,0.318497189323884,239148.665909148,0,0.0563503934669973,0.103597901661279,0.938439109625129,0.00355253430212691,65481090.2533626,0,0.507603883743286,130.851494073868,10,155,0,2,1858,FALSE,TRUE,3
2_155_12,2.35383876948448,0.64595265801615,0.285235814085762,2.92706001538397,0.983630168319061,0.269395966042033,0.678743357205605,0.514231763250024,0.39798258376495,2.84727784346974,0.424219310635926,0.18311669127433,2.49230883168439,0.860214115729921,0.235570811442274,2.0332198910457,0.325189981418354,0.367534946152057,20515.1986877439,0,0.0519455593491769,0.244362849800467,0.948255832267796,0.000213320921460092,65481090.2533626,0,0.513075113296509,130.864386081696,12,155,1,2,1860,TRUE,TRUE,1
2_155_9,1.4202728327932,0.571125529836283,0.299880591691045,2.40318950442316,0.763979781913377,0.286178161349355,0.72281967243559,0.597602829514879,0.397530905265036,2.64892258376752,0.369362942229944,0.10971274325945,1.7645549715484,0.578380794468984,0.165519868252066,2.37556516155267,0.326449815273645,0.346922760106624,32719.4395101871,0,0.0526330645169105,0.238724744946928,0.946877088883741,0.000399717655560794,65481090.2533626,0,0.50546407699585,130.84743309021,9,155,1,2,1857,TRUE,TRUE,3
2_157_4,0.591196063377807,0.479157448534031,0.218719151261582,2.89737930090594,0.836542605470194,0.203299635193341,0.795455128665449,0.457653336585638,0.367234264655843,2.89564882159199,0.491195421152091,0.153412040568723,2.9198718792583,0.587324272736682,0.110039431703509,2.08508445812726,0.325898456780345,0.337424162486066,6575.32102485314,0,0.0514442883256586,0.301522584877768,0.949249669008143,0.000000415611909998503,65481090.2533626,0,0.509654998779297,132.805183172226,4,157,1,2,1876,TRUE,TRUE,2
2_158_1,1.28486984656949,0.583550552619834,0.270566751240096,1.47727282617719,0.731266841374243,0.370310896012509,0.844786473652704,0.330765948659525,0.386994960900839,2.40942762464194,0.399301957703178,0.152909388215936,2.44297871255505,0.884851050178341,0.0813977502282355,1.83685839796586,0.325105425428098,0.386307267044228,39257.2728736372,0,0.0537059698292565,0.209832426694336,0.944689233259565,0.000499570715228437,65481090.2533626,0,0.506772994995117,133.793939113617,1,158,1,2,1885,FALSE,TRUE,3
2_158_10,0.580005285547239,0.6121905623385,0.261852227793796,2.25547776578376,0.666208666677247,0.395342830006012,0.604725118318899,0.400885994543145,0.389398316374395,2.97257512700089,0.497306848990397,0.13247292278788,2.36926157897358,0.521875110562319,0.111689647752167,1.58858362450087,0.322155828754113,0.34321735917013,63846.3118858389,0,0.0548179425173308,0.141170579419343,0.942375122646588,0.000875121856281025,65481090.2533626,0,0.512301206588745,133.821550130844,10,158,1,2,1894,FALSE,TRUE,1
2_158_2,0.868649158773715,0.649247390040871,0.276960376584379,2.83134247181086,0.779539837786102,0.181529467428814,0.770476372474857,0.514303135115503,0.383070384965843,2.61493351758091,0.318334430223131,0.101605790496852,2.94732772741063,0.350922451444793,0.133900112040649,2.10474224067319,0.324662348173782,0.311438968281336,213344.570957989,0,0.0547817472864186,0.151321603438694,0.941818790261929,0.00315842547591664,65481090.2533626,0,0.515500068664551,133.804090976715,2,158,0,2,1886,FALSE,TRUE,1
2_158_3,1.2546904676392,0.542377556401897,0.159150158504237,1.12453945838408,0.699686339333085,0.396363865836134,0.623665079793945,0.510438411815522,0.390888417966691,2.78651068878404,0.324102056733478,0.159020811021894,1.8306093236275,0.756611540856375,0.210105689158616,1.82828259339277,0.335917828726826,0.363167916131604,17271.4281939293,0,0.0526517052117562,0.230142289456572,0.946839453859475,0.000163778452164716,65481090.2533626,0,0.519860029220581,133.810400009155,3,158,1,2,1887,TRUE,TRUE,2
2_159_10,0.591196063377807,0.479157448534031,0.218719151261582,2.89737930090594,0.836542605470194,0.203299635193341,0.688226892876291,0.470408867492421,0.378522577394076,2.96678513545442,0.33675677324573,0.122045688197063,1.80013416142396,0.587324272736682,0.110039431703509,2.08508445812726,0.325898456780345,0.337424162486066,6575.32102485314,0,0.0510922466778099,0.291851847352906,0.949941877996493,0.000000415611909998503,65481090.2533626,0,1.02321696281433,135.322488069534,10,159,1,2,1906,TRUE,TRUE,1
2_160_10,0.842251476916911,0.676350043807676,0.17490834390035,1.0664810500433,0.672255250318116,0.372930988683647,0.809699294802018,0.338877958901415,0.382230980422641,2.7814683585522,0.378134677113738,0.12002699612289,0.535543892642421,0.545505904617721,0.161885355045204,1.68318489673383,0.329289078701643,0.318497189323884,181286.440867296,0,0.0548555047163464,0.156005354040386,0.941662015949831,0.00266879807203161,65481090.2533626,0,0.547745943069458,136.480535984039,10,160,0,2,1918,FALSE,TRUE,2
2_160_12,0.913780868156036,0.571955991800845,0.238987162755672,1.33903593993347,0.704028393517771,0.344621122586951,0.812463484909131,0.514231763250024,0.39798258376495,2.84727784346974,0.424219310635926,0.18311669127433,2.49230883168439,0.934771511226924,0.117390247729302,2.00250886665211,0.368669213287531,0.347037937531462,22110.5125902773,0,0.0529924192613574,0.225656580878081,0.946149214147105,0.000237686328995383,65481090.2533626,0,0.550655126571655,136.493980169296,12,160,1,2,1920,TRUE,TRUE,3
2_162_2,1.33938624845298,0.65094717022933,0.252680348261125,2.47611254585013,0.737438388525358,0.396212084777873,0.52278473350727,0.538444879577445,0.396883099467231,2.76703254099754,0.383896459873957,0.121017929868024,2.8189108212079,0.547057375636686,0.0508863336159562,1.49636231886569,0.324442669534754,0.340818638465462,67080.1719079158,0,0.0544606026566897,0.166561029361894,0.943123948655175,0.000924512961833897,65481090.2533626,0,0.587301015853882,138.529826164246,2,162,1,2,1934,FALSE,TRUE,1
2_163_1,1.01086425558928,0.574139997812559,0.279674026439782,1.38393524296069,0.635110813324893,0.374505083528972,0.749256615595025,0.359910666305979,0.378976334712724,2.52414104555017,0.390682912426429,0.106279763116428,2.44297871255505,0.884851050178341,0.0813977502282355,1.83685839796586,0.325105425428098,0.370765110886532,34731.3816699989,0,0.0534243569364864,0.19995710744769,0.945267768096071,0.000430446273034383,65481090.2533626,0,0.508934020996094,139.54726600647,1,163,1,2,1945,FALSE,TRUE,1
2_163_10,1.01834666936633,0.606911712895216,0.284474729301757,1.62206985098921,0.664053258777929,0.395037642679039,0.692429045618634,0.324332219980911,0.390877584195706,2.77415321706881,0.462394292393807,0.162442683380854,2.42039953063726,0.630465980702641,0.0114269678895849,1.74881238727337,0.340058872231858,0.34321735917013,63846.3118858389,0,0.055021617366697,0.143991844676831,0.941946119241135,0.000875121856281025,65481090.2533626,0,0.511019945144653,139.572916030884,10,163,1,2,1954,FALSE,TRUE,2
2_163_2,0.868649158773715,0.649247390040871,0.276960376584379,2.83134247181086,0.779539837786102,0.181529467428814,0.770476372474857,0.514303135115503,0.383070384965843,2.61493351758091,0.599299060712586,0.171252350596233,2.63012086186013,0.350922451444793,0.133900112040649,2.10474224067319,0.324662348173782,0.311438968281336,213344.570957989,0,0.0555411938234981,0.120665429073311,0.940194461164165,0.00315842547591664,65481090.2533626,0,0.516083002090454,139.556753158569,2,163,0,2,1946,FALSE,TRUE,2
2_163_3,0.577312846728721,0.56713734457823,0.207988978654799,1.58668744383239,0.67029886513253,0.301747618250211,0.676063659911341,0.467431570568278,0.386728109700801,2.55134771487753,0.324102056733478,0.159020811021894,1.8306093236275,0.751079679304142,0.0875767623999301,1.82754257652149,0.340714976261362,0.34301737778497,49368.2837987304,0,0.053800925900543,0.196514032505814,0.944493473415062,0.000653997315154919,65481090.2533626,0,0.502025127410889,139.544751167297,3,163,1,2,1947,FALSE,TRUE,3
2_163_6,0.913780868156036,0.571955991800845,0.238987162755672,1.33903593993347,0.704028393517771,0.344621122586951,0.812463484909131,0.603142907887774,0.396550346726237,2.84727784346974,0.424219310635926,0.18311669127433,2.49230883168439,0.934771511226924,0.117390247729302,2.00250886665211,0.36866921328753,0.347037937531462,22110.5125902773,0,0.0529740761583314,0.226942119928193,0.946186488140892,0.000237686328995383,65481090.2533626,0,0.5172119140625,139.567558050156,6,163,1,2,1950,TRUE,TRUE,2
2_164_1,0.723452400787857,0.746333163881668,0.276426416583013,1.74285494954891,0.729771416737595,0.31265000139408,0.674470117911946,0.706399238632674,0.399188634879195,2.79641793118459,0.487474587934581,0.167097927605031,2.59720495017267,0.963007282004175,0.119523862870043,1.84770746271297,0.341127394339308,0.335280641115702,66511.0754840896,0,0.0549711072146903,0.14404414976621,0.942052657890609,0.000915821088547153,65481090.2533626,0,0.469356060028076,140.495133161545,1,164,1,2,1957,FALSE,TRUE,2
2_164_2,0.66587344676821,0.639437360096114,0.284795064399623,2.49118734247429,0.858418409139164,0.1452764864316,0.700366954254993,0.341973079645463,0.385434464337345,2.69859514359706,0.391967036988698,0.152092289449391,2.78226158734659,0.660877845625954,0.148447713917491,1.56695243331103,0.311267110500287,0.343875790131204,83808.5412166681,0,0.0553968205487596,0.137558804521337,0.941151658092881,0.00118000721594987,65481090.2533626,0,0.478907108306885,140.507511138916,2,164,1,2,1958,FALSE,TRUE,2
2_165_6,0.737425587591209,0.591481124868913,0.288725555580069,2.74453658346063,0.786808787900248,0.234039456807336,0.650126479565202,0.519154686321532,0.387037761377699,2.55681345174457,0.996725478514159,0.291784513288524,1.41202750477582,0.548772160437025,0.217150057991505,1.9502321541326,0.357533835522523,0.300370084212529,66589.0707125414,0,0.0555127570073379,0.123586299473019,0.940905080486111,0.000917012318388514,65481090.2533626,0,0.567481994628906,141.601515054703,6,165,1,2,1974,FALSE,TRUE,2
2_165_8,0.868649158773715,0.649247390040871,0.276960376584379,2.83134247181086,0.779539837786102,0.181529467428814,0.741747934063092,0.479244818509421,0.367502379869144,2.71053935116866,0.529329030800428,0.12239554813442,2.07638112565179,0.467389422949798,0.133900112040649,2.10474224067319,0.324662348173782,0.311438968281336,213344.570957989,0,0.0554143602597354,0.124542637321967,0.940467292487024,0.00315842547591664,65481090.2533626,0,0.557698965072632,141.598925113678,8,165,0,2,1976,FALSE,TRUE,1
2_165_9,0.627111915788865,0.54886845216737,0.227748216846565,1.25020259021974,0.623522449378983,0.240861627246843,0.676063659911341,0.467431570568278,0.38955980370111,2.15905579904489,0.40725064704355,0.172622720642048,2.76545133165044,0.85364432081391,0.132842056739414,1.92136688309316,0.356500235062037,0.342633458565525,8970.23525422953,0,0.0525240605496857,0.234740376799989,0.947096897929315,0.0000369934046053159,65481090.2533626,0,0.566643953323364,141.612599134445,9,165,1,2,1977,TRUE,TRUE,2
2_166_4,0.577851334492425,0.576147988130284,0.218761628482598,1.72044550822267,0.581526291786606,0.38453509273573,0.607286570507433,0.441595941969444,0.389398316374395,2.97257512700089,0.497306848990397,0.13247292278788,2.36926157897358,0.521875110562319,0.111689647752167,1.58858362450087,0.322155828754113,0.34321735917013,63846.3118858389,0,0.0551251567164563,0.129594483701411,0.941727422774041,0.000875121856281025,65481090.2533626,0,0.48863410949707,142.552139043808,4,166,1,2,1984,FALSE,TRUE,1
2_166_7,0.591985167463962,0.746333163881668,0.296489419951536,2.74176375737253,0.80920757637766,0.185197707791915,0.639369388328725,0.687949479303415,0.394640312186563,2.55445231118913,0.998120107563446,0.294568473948009,1.13817217847061,0.311863085039622,0.174830379071868,2.04716108599238,0.337000849828164,0.302375021542516,259265.360789701,0,0.0573089602362239,0.0679771008868595,0.936326892603147,0.00385977883140069,65481090.2533626,0,0.515918016433716,142.588482141495,7,166,0,2,1987,FALSE,TRUE,1
2_167_2,0.69564292678818,0.5392140997393,0.209721464295465,2.09201917211391,0.53520270229783,0.218643237691666,0.583261186228152,0.346290634048961,0.382871740382134,2.76703254099754,0.383896459873957,0.121017929868024,2.8189108212079,0.768478767712696,0.0866279049852825,1.33638167008413,0.327105202912552,0.35306402685279,64074.2859911929,0,0.0548693636535709,0.148156496296595,0.942266963664485,0.000878603730271858,65481090.2533626,0,0.468216180801392,143.490257024765,2,167,1,2,1994,FALSE,TRUE,2
2_167_7,1.55597116680808,0.660995305394881,0.283340761841739,0.609162121129351,0.614074133148076,0.338420330012564,0.76639872370781,0.453310800240074,0.395106780293714,2.48183935695222,0.5335476811833,0.127913105503312,2.62814199950218,0.764761653014899,0.158921038191264,2.00752011374006,0.335114965433222,0.351659534935231,17789.9506534571,0,0.0531655735764595,0.21895539305698,0.945796721088401,0.00017169790364228,65481090.2533626,0,0.465817928314209,143.501199960709,7,167,1,2,1999,TRUE,TRUE,3
3_104_7,0.840117843882472,0.766024659333531,0.256053993635159,2.38025449406708,0.815889486759189,0.390806491218495,0.767633829637643,0.517825184790345,0.36960584421257,2.32040020551965,0.912982939821341,0.223184415429583,0.611389476614789,0.510739550657144,0.0428207809044978,2.15836332878657,0.402459030664004,0.396273710809515,461600.494161539,0,0.06288117890557,0.0500392686569018,0.923342908479166,0.00695006593758304,65481090.2533626,0,0.472612142562866,84.5654609203339,7,104,0,3,1243,FALSE,TRUE,2
3_105_4,1.30351463075894,0.443881116112464,0.133274807889442,0.888554436763674,0.772235338984784,0.338718309569167,0.735006808421508,0.302818535541092,0.380327883124963,2.76652816407169,0.440353815514702,0.147393057708137,1.85028086895675,0.5942626308299,0.00193356257506385,2.23174481622605,0.312150071581303,0.366452430521423,18038.6814055064,0,0.0530328304851601,0.222995587586912,0.946067051228369,0.000175496796217978,65481090.2533626,0,0.452045917510986,85.4019310474396,4,105,1,3,1252,TRUE,TRUE,3
3_109_6,0.719976683268835,0.333152948200377,0.107602657051115,0.980785658493784,0.689391498406608,0.29234070763065,0.590296861925488,0.575302475145759,0.368963036676165,2.24255314456847,0.740111757482698,0.155995185148407,0.512396620638717,0.609374175188187,0.00809641192653954,1.93620659188671,0.34230676228829,0.381934315091747,413736.847108029,0,0.0613069190104494,0.0571602402022466,0.927133154443622,0.00621903910660504,65481090.2533626,0,0.418501853942871,88.723788022995,6,109,0,3,1302,FALSE,TRUE,2
3_114_1,1.08693999513111,0.554308717625812,0.273079633083847,2.61605299988875,0.788775552906951,0.369526621026191,0.640577880758707,0.413324546455811,0.355160666944398,2.77206218464588,0.986209017329456,0.230379588033453,0.692998028338336,0.43458387534917,0.0237076104699005,2.0320244870773,0.409823277001805,0.381992772737428,547448.954394197,0,0.065328914156779,0.0254382729060883,0.917258790252673,0.00826123906565786,65481090.2533626,0,0.415814161300659,93.2487969398499,1,114,0,3,1357,FALSE,TRUE,1
3_115_1,1.08509259968213,0.540987331240853,0.120454748528941,2.35364673292355,0.774929123473937,0.289882293478639,0.780760205616034,0.503444471781095,0.39348783008308,1.62727967595052,0.464312693769597,0.169557040220151,1.11074492453529,0.72527267154467,0.0720844561792119,2.04290846553307,0.342162983290114,0.331099423740734,14460.6187981774,0,0.0520364436284533,0.286200581409579,0.948074610026112,0.000120848646110394,65481090.2533626,0,0.476854801177979,94.155366897583,1,115,1,3,1369,TRUE,TRUE,3
3_115_5,0.960837075895299,0.342133130335099,0.0113529775676554,0.877266879323448,0.884849396558231,0.235645819600396,0.565256589977246,0.317027115040617,0.374949520536029,2.26805947971562,0.448813122432078,0.142273942722224,1.59042260219998,0.567308950285992,0.00935059310955526,2.05741561229489,0.313338158918849,0.339324603828128,45053.165170815,0,0.053904284220813,0.19628673848126,0.944279998570063,0.000588092026067096,65481090.2533626,0,0.488011837005615,94.175784111023,5,115,1,3,1373,FALSE,TRUE,3
3_115_7,0.511347664461285,0.327676632228142,0.136927753309096,1.73950203500762,0.773458410068369,0.113568041359329,0.504130091166452,0.681482086922445,0.338550399146387,2.52380965601918,0.510967089507944,0.10165338281078,1.32068545317516,0.548117459441804,0.062034719850336,1.74786750279997,0.34039109570654,0.314930782996671,87296.1822922602,0,0.0559445076678735,0.118073737582,0.939982283976656,0.00123327434789718,65481090.2533626,0,0.51626992225647,94.2114570140839,7,115,1,3,1375,FALSE,TRUE,1
3_116_9,0.591710102021061,0.356806681100757,0.240806300760163,2.4173254481177,0.708292559083166,0.333815019000952,0.837573999312549,0.33942164310411,0.393165705206753,2.47014329483985,0.80728791731419,0.127985002324455,0.720724684032853,0.766629556538883,0.0489745443566613,1.72306756136929,0.413872288184542,0.323649313402412,311303.808385665,0,0.0584439871362755,0.0642141710922529,0.933779773814903,0.00465456785766446,65481090.2533626,0,0.448907136917114,95.0721719264984,9,116,0,3,1389,FALSE,TRUE,1
3_118_6,0.624713481067511,0.701276700535764,0.226803209033055,2.09540236990612,0.969888311179212,0.246567945923377,0.659021917114638,0.442230687051408,0.386025414355788,2.82633679634036,0.943490959242531,0.201657105504893,0.915898681349748,0.619769754558511,0.0561465986033062,2.09713853715297,0.318887165219288,0.325512748976966,273408.051646164,0,0.0578785281453177,0.0644919656995542,0.935054966712587,0.00407578172952383,65481090.2533626,0,0.413366079330444,96.6275908946991,6,118,0,3,1410,FALSE,TRUE,1
3_119_1,1.08693999513111,0.554308717625812,0.273079633083847,2.61605299988875,0.788775552906951,0.369526621026191,0.640577880758707,0.470886807659075,0.354501674843321,2.7680858241034,0.849692609413266,0.259978835685006,0.601806491835434,0.500995355923597,0.0220343214214848,1.98949197390489,0.399111618153957,0.381992772737428,547448.954394192,0,0.0651161318778989,0.0260388876786861,0.917796903932865,0.00826123906565779,65481090.2533626,0,0.398341178894043,97.4059159755707,1,119,0,3,1417,FALSE,TRUE,1
3_120_5,1.01709386196617,0.301155688904153,0.0748776101208271,1.16594481533094,0.884849396558231,0.235645819600396,0.565256589977246,0.317027115040617,0.374949520536029,2.26805947971562,0.448813122432078,0.142273942722224,1.59042260219998,0.567308950285992,0.00935059310955524,2.05741561229489,0.313338158918849,0.339324603828128,45053.1651708102,0,0.0537931967393827,0.192219003626309,0.944509420652599,0.000588092026067022,65481090.2533626,0,0.37362003326416,98.1676759719849,5,120,1,3,1433,FALSE,TRUE,2
3_120_6,1.06288377766213,0.361372681861617,0.282254242434969,2.37746027815262,0.520083738943746,0.324149373602162,0.503767675419732,0.721407882934054,0.330511826245646,2.46978921616583,0.933247364343708,0.105372779203638,1.10558367591483,0.601281807595577,0.0879348687063715,1.86754604599151,0.364179002951151,0.369332360905151,188758.167640084,0,0.0565159706975958,0.0975904880239406,0.938076803116196,0.00278291459011763,65481090.2533626,0,0.371724843978882,98.1666638851166,6,120,0,3,1434,FALSE,TRUE,1
3_121_7,1.08693999513111,0.554308717625812,0.273079633083847,2.61605299988875,0.717327296946136,0.382182261280802,0.568408832439526,0.451660744297759,0.359706041460937,2.87864667325651,0.930580344844285,0.205491013529303,0.66656478046529,0.54797850137283,0.0233366219554261,1.98949197390489,0.399111618153957,0.381992772737428,547448.954394192,0,0.0653008776600349,0.0363020470685809,0.917329793296629,0.00826123906565779,65481090.2533626,0,0.419046878814697,99.0004000663757,7,121,0,3,1447,FALSE,TRUE,2
3_121_9,0.591710102021061,0.356806681100757,0.240806300760163,2.4173254481177,0.708292559083166,0.333815019000952,0.837573999312549,0.33942164310411,0.393165705206753,2.47014329483985,0.778251599850232,0.104311004827759,0.720724684032853,0.766629556538883,0.0489745443566613,1.72306756136929,0.413872288184542,0.323649313402412,311303.80838566,0,0.0583778963354492,0.0654123156163097,0.933929458099158,0.00465456785766438,65481090.2533626,0,0.41767692565918,99.005392074585,9,121,0,3,1449,FALSE,TRUE,3
3_122_11,1.01709386196617,0.301155688904153,0.0748776101208271,1.16594481533094,0.884849396558231,0.235645819600396,0.578519833415883,0.387301995536843,0.38721508157765,2.26805947971562,0.448813122432078,0.142273942722224,1.59042260219998,0.567308950285992,0.00935059310955524,2.05741561229489,0.313338158918849,0.339324603828128,45053.1651708102,0,0.0537702299549172,0.192021846143569,0.944556793487622,0.000588092026067022,65481090.2533626,0,0.399812936782837,99.7985289096832,11,122,1,3,1463,FALSE,TRUE,1
3_122_12,1.06288377766213,0.361372681861617,0.282254242434969,2.37746027815262,0.520083738943746,0.324149373602162,0.503767675419732,0.721407882934054,0.330511826245646,2.46978921616583,0.933247364343708,0.105372779203638,1.02014047727961,0.601281807595577,0.0879348687063715,1.86754604599151,0.364179002951151,0.369332360905151,188758.167640084,0,0.0565024247676354,0.100149083486433,0.93810648346154,0.00278291459011763,65481090.2533626,0,0.433328151702881,99.8345708847046,12,122,0,3,1464,FALSE,TRUE,1
3_124_1,1.08693999513111,0.554308717625812,0.273079633083847,2.61605299988875,0.788775552906951,0.369526621026191,0.640577880758707,0.470886807659075,0.354501674843321,2.7680858241034,0.849692609413266,0.259978835685006,0.601806491835434,0.500995355923597,0.033519935309761,1.96917907373082,0.476299712620323,0.416127307864869,547448.954394192,0,0.0655124255804898,0.0240877515727208,0.916793290908151,0.00826123906565779,65481090.2533626,0,0.406834125518799,101.748408079147,1,124,0,3,1477,FALSE,TRUE,1
3_125_5,1.01709386196617,0.375314966478985,0.0647108160985825,1.16594481533094,0.884849396558231,0.235645819600396,0.578519833415883,0.387301995536843,0.38721508157765,2.26805947971562,0.448813122432078,0.142273942722224,1.59042260219998,0.567308950285992,0.00935059310955524,2.05741561229489,0.313338158918849,0.339324603828128,45053.1651708102,0,0.0537511818009545,0.198554618126406,0.944596068144775,0.000588092026067022,65481090.2533626,0,0.401458024978638,102.558536052704,5,125,1,3,1493,FALSE,TRUE,2
3_125_8,0.846396412600508,0.445961544626441,0.276915106241787,2.75006953597311,0.893236545273057,0.260823046728413,0.735709843191956,0.308796072754715,0.371834600561355,2.6654276517326,0.581030451404266,0.109937353000309,1.13480701379181,0.62211777109467,0.0327608955307802,1.80042834232264,0.352290348362053,0.34432903584827,264355.421476793,0,0.056861125440435,0.0942810526620433,0.937318137919045,0.00393751989717051,65481090.2533626,0,0.400285005569458,102.565146923065,8,125,0,3,1496,FALSE,TRUE,2
3_126_7,0.821153874166015,0.50250674516739,0.29077932438552,2.6261940769392,0.716115753773099,0.280006943817063,0.546495133979733,0.658729094435196,0.310274942870086,2.79565399698872,0.676927477827596,0.259978835685006,0.601806491835434,0.440104540629821,0.0431022584067244,1.79382857816291,0.3717627886514,0.367118728400828,574200.370472745,0,0.0652823799781265,0.0488589339316765,0.9173766223946,0.00866981643332506,65481090.2533626,0,0.492613077163696,103.46283197403,7,126,0,3,1507,FALSE,TRUE,2
3_127_11,1.01709386196617,0.369697182090872,0.0748776101208271,1.16594481533094,0.884849396558231,0.235645819600396,0.578519833415883,0.387301995536843,0.38721508157765,2.26805947971562,0.448813122432078,0.142273942722224,1.59042260219998,0.567308950285992,0.00935059310955524,2.05741561229489,0.313338158918849,0.339324603828128,45053.1651708102,0,0.0537555175999834,0.197099988559957,0.944587129550516,0.000588092026067022,65481090.2533626,0,0.412760019302368,104.308005094528,11,127,1,3,1523,FALSE,TRUE,1
3_127_12,0.69467802291671,0.355730776950675,0.282254242434969,2.37746027815262,0.520083738943746,0.220540453267122,0.50491778795186,0.793427964682749,0.342212714132137,2.05015834464638,0.572271183209024,0.183733990755952,1.05229408625803,0.674702566892363,0.0771191989200984,1.83342424301145,0.320877450028187,0.316908861463483,201017.110106237,0,0.0554890366102186,0.119817043489963,0.940306731909884,0.0029701467885365,65481090.2533626,0,0.441732168197632,104.340632915497,12,127,0,3,1524,FALSE,TRUE,1
3_127_6,0.722908575624,0.411829145923081,0.0895088250258271,1.12301787130103,0.796115017526191,0.35645516731354,0.693000471852276,0.488951450716736,0.386732908840238,2.31787572885781,0.843874433013312,0.201599259647245,0.883212116663589,0.501472827605876,0.00236354457597452,1.94544911289446,0.301997788887956,0.321672866181459,182254.329798625,0,0.055666665834303,0.118698801448239,0.93992394493368,0.00268358074785691,65481090.2533626,0,0.411419868469238,104.28719496727,6,127,0,3,1518,FALSE,TRUE,1
3_127_8,1.09739316713474,0.455859827552463,0.163156703149591,0.938329961754926,0.736729851032843,0.354591863769267,0.648745531000331,0.846258168710557,0.328491337314771,2.53667430545463,0.651039484081004,0.229270686587666,0.857582973106601,0.692109829513455,0.0574123487176408,1.84873147680048,0.398227574981634,0.304736881319228,106964.86595254,0,0.0544998336832969,0.173334242423224,0.942416064782595,0.00153367635173129,65481090.2533626,0,0.413588047027588,104.295772075653,8,127,0,3,1520,FALSE,TRUE,2
3_130_10,0.600569023005702,0.437286815741903,0.231563644501751,2.33061966689868,0.890553928057446,0.124169300567006,0.590721241234944,0.824622121935247,0.345393581651325,1.98478058330556,0.893889866170141,0.124023607223432,1.3442814878668,0.46923120438934,0.0910667975507288,1.91060505950231,0.38634227290403,0.349325273259569,220907.035920421,0,0.0561869515867546,0.113831880362855,0.938795701137489,0.00327392784851455,65481090.2533626,0,0.427083969116211,106.759733915329,10,130,0,3,1558,FALSE,TRUE,3
3_130_8,0.846396412600508,0.445961544626441,0.276915106241787,2.75006953597311,0.893236545273057,0.260823046728413,0.735709843191956,0.308796072754715,0.371834600561355,2.6654276517326,0.581030451404266,0.109937353000309,1.13480701379181,0.561402171270937,0.0296910345781673,1.81313750449615,0.399362055922862,0.387001988196535,264355.421476793,0,0.0572379808833643,0.0961069587745151,0.936484518118129,0.00393751989717051,65481090.2533626,0,0.414942979812622,106.732714891434,8,130,0,3,1556,FALSE,TRUE,3
3_131_11,0.976949787665026,0.338926833274999,0.236556165583439,1.82242833676527,0.573353163586151,0.31885831846901,0.57937526468107,0.835902413147236,0.314646973889593,2.9034630651151,0.943979221648957,0.134578379315289,0.680772415367207,0.499376326916128,0.0499070773916554,2.05293289318873,0.414544674514598,0.316456106974178,189392.72810702,0,0.0568702887591579,0.0895168707477097,0.937297933599947,0.00279260630305145,65481090.2533626,0,0.421279907226563,107.557363033295,11,131,0,3,1571,FALSE,TRUE,1
3_131_2,1.25238458637812,0.548378311665616,0.207547977129138,2.94730858842148,0.71451116207958,0.233751499997799,0.55982084037968,0.576479655484451,0.378719630523835,1.14552947430138,0.454120849147183,0.116150590277864,0.571523979230647,0.738077829054839,0.00856535151711177,1.96367432335336,0.3680017717573,0.304194765669192,14859.1499701503,0,0.0519822061673742,0.289169944082301,0.948182797035422,0.000126935457242183,65481090.2533626,0,0.396517038345337,107.507344961166,2,131,1,3,1562,TRUE,TRUE,3
3_131_8,0.713710465259037,0.509814517158354,0.254243880599183,2.75591274405729,0.865668662727774,0.210316894141066,0.635003586804725,0.949107728494971,0.355746094238247,2.40251434330429,0.778653288597279,0.123599710452797,1.62608231121438,0.467339911010098,0.11095242594404,1.9845480763345,0.375329245504505,0.308275862272842,50535.4792003308,0,0.0539845913236903,0.1928780545476,0.944113850547303,0.000671824020976356,65481090.2533626,0,0.403118848800659,107.527400016785,8,131,1,3,1568,FALSE,TRUE,3
3_132_10,0.714973472686407,0.668370350976334,0.217250661087724,2.74372628793239,0.86847418816478,0.325053731055705,0.610051465372497,0.453463488410216,0.354703330664616,2.67764793576749,0.556265607768049,0.112154014911681,0.658323216062028,0.400888631958281,0.0898354515116195,1.49443535147355,0.37024941002494,0.309912667450117,485598.87231065,0,0.0620028558026872,0.0572098494758805,0.925469441909504,0.00731659584925781,65481090.2533626,0,0.468797922134399,108.449589014053,10,132,0,3,1582,FALSE,TRUE,3
3_132_12,1.06288377766213,0.361372681861617,0.282254242434969,2.37746027815262,0.520083738943746,0.372241706062798,0.512453138791325,0.695437610147972,0.318283744678293,2.88623899925129,0.81498958085456,0.218158947284471,1.0859200363693,0.580990232758332,0.097411907253912,1.86754604599151,0.364179002951151,0.369332360905151,188758.167640084,0,0.0567736551663922,0.0938162773831922,0.937510838379232,0.00278291459011763,65481090.2533626,0,0.462939977645874,108.449310064316,12,132,0,3,1584,FALSE,TRUE,1
3_134_10,1.47143739799776,0.474775250475903,0.237466831315994,2.46653195948124,0.667105089023194,0.3322678409294,0.713485185620188,0.422115595210382,0.379621808532293,2.37145020879843,0.503746307183923,0.102150731484218,0.84408661858142,0.651739882542547,0.0188477701449091,1.8947714715853,0.300521190823811,0.30033706075303,66235.2714992285,0,0.0541159186571492,0.182622825216768,0.94384161337771,0.000911608703460853,65481090.2533626,0,0.850820064544678,110.498765945435,10,134,1,3,1606,FALSE,TRUE,2
3_135_4,0.552387001525232,0.5744331213702,0.217250661087724,2.74372628793239,0.86847418816478,0.325053731055705,0.610051465372497,0.453463488410216,0.354703330664616,2.67764793576749,0.557441570794599,0.132059357464022,1.34185682882134,0.434721622053441,0.0639068270820046,1.80911162699868,0.345191168381833,0.308664155014709,294742.672335452,0,0.0572308741983076,0.0776663299458405,0.936500289341955,0.00440162777579715,65481090.2533626,0,0.457772016525269,111.455144882202,4,135,0,3,1612,FALSE,TRUE,1
3_135_5,1.01709386196617,0.301155688904153,0.0748776101208271,1.16594481533094,0.884849396558231,0.235645819600396,0.533208957367819,0.387301995536843,0.38721508157765,2.26805947971562,0.448813122432078,0.142273942722224,1.59042260219998,0.567308950285992,0.00935059310955524,2.05741561229489,0.313338158918849,0.339324603828128,45053.1651708102,0,0.0537681234855497,0.194723134913009,0.944561137420263,0.000588092026067022,65481090.2533626,0,0.440410852432251,111.439403057098,5,135,1,3,1613,FALSE,TRUE,1
3_137_11,1.01709386196617,0.301155688904153,0.0748776101208271,1.16594481533094,0.884849396558231,0.235645819600396,0.533208957367819,0.387301995536843,0.394081775698957,2.44615523939025,0.66665242355455,0.142273942722224,1.59042260219998,0.567308950285992,0.00935059310955524,2.05741561229489,0.313338158918849,0.339324603828128,45053.1651708102,0,0.0543340863945963,0.174401450890269,0.943387896791147,0.000588092026067022,65481090.2533626,0,0.867636919021606,113.525551080704,11,137,1,3,1643,FALSE,TRUE,2
3_139_4,1.13793873675413,0.369830587962203,0.270083952345094,2.73223752394273,0.837127073792534,0.333539492160732,0.679224623575077,0.465105992433335,0.372491867682662,2.35000826598236,0.338845322364193,0.204919017185112,1.97459550463569,0.504245848177885,0.0421711543846306,2.16215629412786,0.313553069576387,0.317729773500209,60401.7209040322,0,0.0538015640129173,0.187911045014149,0.94449215672354,0.000822512233227638,65481090.2533626,0,0.40015697479248,115.255369901657,4,139,1,3,1660,FALSE,TRUE,1
3_140_12,0.624713481067511,0.701276700535764,0.226803209033055,2.09540236990612,0.969888311179212,0.246567945923377,0.659021917114638,0.442230687051408,0.386025414355788,2.66027842776019,0.993399441011536,0.174751472701772,0.809887723079083,0.619769754558511,0.0561465986033062,2.09713853715297,0.318887165219288,0.325512748976966,273408.051646164,0,0.0577620487936123,0.0653470141575667,0.935316104777371,0.00407578172952383,65481090.2533626,0,0.54137921333313,116.255135059357,12,140,0,3,1680,FALSE,TRUE,1
3_140_4,0.552387001525232,0.5744331213702,0.217250661087724,2.74372628793239,0.86847418816478,0.337138024122324,0.610051465372497,0.453463488410216,0.354703330664616,2.67764793576749,0.557441570794599,0.132059357464022,1.34185682882134,0.434721622053441,0.0639068270820046,1.80911162699868,0.345191168381833,0.308664155014709,294742.672335452,0,0.0572445442643519,0.0776754718090458,0.936469950860479,0.00440162777579715,65481090.2533626,0,0.496402025222778,116.181071043015,4,140,0,3,1672,FALSE,TRUE,2
3_140_5,1.01709386196617,0.301155688904153,0.0748776101208271,1.16594481533094,0.884849396558231,0.235645819600396,0.533208957367819,0.387301995536843,0.394081775698957,2.37373998653874,0.679142775133386,0.142273942722224,1.59042260219998,0.567308950285992,0.00935059310955524,2.05741561229489,0.313338158918849,0.339324603828128,45053.1651708102,0,0.0543143031106088,0.175122148578496,0.94342911472617,0.000588092026067022,65481090.2533626,0,0.486238956451416,116.173346996307,5,140,1,3,1673,FALSE,TRUE,2
3_141_11,0.658594713615976,0.626932486151305,0.203898973304191,2.04335549982877,0.870554355123002,0.239974220119261,0.679040626717764,0.473636525897768,0.380296238746959,2.63826340569345,0.981118309600297,0.164030990519811,0.767789979414211,0.590911020008492,0.0548986943609761,2.08829740836012,0.339250140894401,0.32346633038589,255391.147558429,0,0.0574537618094534,0.0768757233968194,0.93600472259514,0.00380060753971404,65481090.2533626,0,0.430116176605225,117.050529956818,11,141,0,3,1691,FALSE,TRUE,3
3_141_12,0.544043021019414,0.610116910090783,0.14508724236457,2.81746624778691,0.782084323969776,0.254096673502031,0.559991668197912,0.35993579569805,0.374208869401286,2.6036646822896,0.345694102361463,0.119295607280799,0.660514743930948,0.601737343972899,0.00809641192653954,1.91616240019627,0.324613209036889,0.380397032665013,238419.967549951,0,0.0653341437744645,0.0496498107117326,0.91814504772827,0.00354140481064317,65481090.2533626,0,0.421734094619751,117.052402973175,12,141,1,3,1692,FALSE,TRUE,3
3_142_10,0.552387001525232,0.5744331213702,0.217250661087724,2.74372628793239,0.86847418816478,0.325053731055705,0.610051465372497,0.453463488410216,0.398395575512909,2.63471484682403,0.794498233039596,0.153124653074961,0.861888213507494,0.609531299731104,0.0534586866870649,1.78927167385414,0.403976122364235,0.308664155014709,294742.672335452,0,0.0578726317694866,0.0698575296960442,0.935068198590828,0.00440162777579715,65481090.2533626,0,0.420157909393311,117.863677978516,10,142,0,3,1702,FALSE,TRUE,2
3_142_6,0.984669427253625,0.434482780173182,0.24870501700965,2.53519857114983,0.912601025701701,0.324244066301666,0.666606064578858,0.425954782263599,0.380987341465227,2.36119377621084,0.843874433013312,0.201599259647245,0.883212116663589,0.539867675725468,0.040675745284014,2.12252044181791,0.313341636198775,0.318393809604228,83689.6934730239,0,0.0558513656404984,0.121362819356323,0.940181964640313,0.00117819204107805,65481090.2533626,0,0.388213157653809,117.818969964981,6,142,1,3,1698,FALSE,TRUE,3
3_145_6,1.06288377766213,0.361372681861617,0.282254242434969,2.37746027815262,0.520083738943746,0.372241706062798,0.512453138791325,0.695437610147972,0.318283744678293,2.88623899925129,0.890191593879824,0.218158947284471,1.0859200363693,0.580990232758332,0.097411907253912,1.86754604599151,0.364179002951151,0.369332360905151,188758.167640084,0,0.0569085107697171,0.0915908581754853,0.937213622285105,0.00278291459011763,65481090.2533626,0,0.397305011749268,120.380914926529,6,145,0,3,1734,FALSE,TRUE,2
3_147_10,1.35068805952191,0.5744331213702,0.217250661087724,2.74372628793239,0.83969290638275,0.306214825109428,0.571119377209969,0.444950989626622,0.396317982801858,1.76188493303017,0.52768397185242,0.160260616099939,1.61891237250561,0.652632021480678,0.0263405349550117,1.91338016371782,0.303450330283297,0.346353679994571,51923.06042079,0,0.0533859818055566,0.211570460288753,0.945346369031471,0.000693016704040872,65481090.2533626,0,0.420892953872681,122.076507091522,10,147,1,3,1762,FALSE,TRUE,2
3_147_12,1.06288377766213,0.361372681861617,0.282254242434969,2.37746027815262,0.520083738943746,0.372241706062798,0.512453138791325,0.695437610147972,0.318283744678293,2.88623899925129,0.81498958085456,0.218158947284471,0.900218639900008,0.576122841461372,0.097411907253912,1.86754604599151,0.364179002951151,0.369332360905151,188758.167640084,0,0.0567578329467913,0.101977224920328,0.937545663667912,0.00278291459011763,65481090.2533626,0,0.42163610458374,122.081998109818,12,147,0,3,1764,FALSE,TRUE,2
3_150_8,0.731233356331677,0.596266056745865,0.297663030870283,2.42821234698596,0.863944802196991,0.398230897568838,0.612402055406413,0.463345352749351,0.343548299650774,2.93195622969279,0.818069654072107,0.332553624387454,1.13480701379181,0.62211777109467,0.0327608955307802,1.80042834232264,0.352290348362053,0.34432903584827,264355.421476793,0,0.0580084301822447,0.0656351010400143,0.934763115493294,0.00393751989717051,65481090.2533626,0,0.388207912445068,125.033025026321,8,150,0,3,1796,FALSE,TRUE,3
3_151_7,0.810754615237373,0.52342876068997,0.24313936484477,2.69880746515589,0.752236231481761,0.255651505657676,0.558799215723266,0.66418680969738,0.309500566075074,2.70459928207609,0.585295722954018,0.204611764340801,0.893462719492511,0.409492856476447,0.0482413595490498,1.94199343638153,0.386841353949832,0.328569184247281,264351.897210396,0,0.0570093993232929,0.102245775294765,0.93699080704549,0.00393746607065593,65481090.2533626,0,0.621829032897949,126.0943338871,7,151,0,3,1807,FALSE,TRUE,3
3_153_10,1.03718353499043,0.417643443401557,0.28814457094859,1.25736899800771,0.738528608758454,0.340902720583633,0.818079375125294,0.803396402458337,0.329484583385922,2.64449775284508,0.684353472554723,0.148157730076691,0.57636584723742,0.91041787335217,0.0215105428311281,2.2685067805953,0.325487914013275,0.336708378289551,119683.534330473,0,0.054617228294126,0.170702297905622,0.942167721846603,0.00172792999538252,65481090.2533626,0,0.414470195770264,127.722456932068,10,153,0,3,1834,FALSE,TRUE,3
3_155_3,0.943404670825159,0.486116015056105,0.275639599196668,2.38063705868409,0.827098463499818,0.29511024935154,0.778264104878827,0.351391822718231,0.398966829462774,2.40033833879679,0.843953503580129,0.124365638405376,0.544496356795195,0.584929742985447,0.0237098872605548,2.06604223169855,0.39933882388973,0.389727562344803,391075.622226248,0,0.0607993086908521,0.0599728820268747,0.928334807911087,0.00587293168623049,65481090.2533626,0,0.415045976638794,129.423981904984,3,155,0,3,1851,FALSE,TRUE,3
3_155_8,0.731233356331677,0.373118189894051,0.286281118276958,2.76827088096573,0.840826485906847,0.385458618008492,0.610668780865131,0.448615434506497,0.34622882761041,2.93195622969279,0.818069654072107,0.332553624387454,1.13480701379181,0.62211777109467,0.0327608955307802,1.80042834232264,0.352290348362053,0.34432903584827,264355.421476793,0,0.05792282188695,0.0646301861940195,0.934955525370416,0.00393751989717051,65481090.2533626,0,0.414383888244629,129.435178995132,8,155,0,3,1856,FALSE,TRUE,2
3_157_3,0.912724774476526,0.573446005889139,0.250656701895859,2.84296796097446,0.644092600054213,0.207838510338871,0.513189133918388,0.718634802296846,0.327267929663515,2.76841866187256,0.496557565851004,0.111472331742862,1.24053745232488,0.695372827593293,0.0650387762805013,2.03618042108023,0.374949420138512,0.354688455075651,59660.8387916546,0,0.0545598503615485,0.172921934258547,0.942916460644675,0.000811196657919844,65481090.2533626,0,0.427695035934448,131.07404088974,3,157,1,3,1875,FALSE,TRUE,3
3_159_11,0.686913087346785,0.436414485994032,0.233191868429019,2.37898608914093,0.544543159225262,0.337898382426389,0.598541070150973,0.790578388287185,0.339808756506463,2.02074832792826,0.915477107730041,0.110234304198725,1.13036848034432,0.500265027920318,0.0765202332536492,1.92832412338642,0.376804701415877,0.345767216534703,224715.18091137,0,0.0566198005646094,0.102837890843752,0.937849066309646,0.00333209007258254,65481090.2533626,0,0.931514978408813,133.344979047775,11,159,0,3,1907,FALSE,TRUE,2
3_159_12,0.762106655772728,0.415296138244165,0.175859534275558,1.40635987611605,0.503486570500574,0.260687459648939,0.542481625627753,0.838535844551046,0.329897622613967,2.31633589490558,0.878193193048305,0.183336661473963,0.951615769726433,0.54673998711566,0.0189562077248837,1.91953898206666,0.312293750139372,0.330341780018577,148457.213131978,0,0.0553053103639098,0.127925885328004,0.940701370718194,0.0021673936076377,65481090.2533626,0,0.977123975753784,133.398266077042,12,159,0,3,1908,FALSE,TRUE,1
3_160_11,1.83858649888398,0.369842261838741,0.20649065420363,1.80641546133851,0.763275079757593,0.30666934830873,0.54209806273622,0.43711291436812,0.382552393632076,2.8715239591941,0.61397658541352,0.127492051433946,1.61535321848397,0.476081153243075,0.0349224584121358,2.12835368632954,0.311297805012591,0.323950564604187,43409.0447155402,0,0.0539973464947196,0.186150751460803,0.944087438506773,0.000562981190596871,65481090.2533626,0,0.49125599861145,134.329999923706,11,160,1,3,1919,FALSE,TRUE,1
3_163_1,1.76043203648651,0.300695992646591,0.22266836776691,2.17130706396806,0.901733060444645,0.213523656791543,0.592528609496035,0.406897757489781,0.371949800701736,2.70685165555768,0.427756990935837,0.189006764733015,2.54231265704785,0.468218690140643,0.0722492415932902,2.1713797527511,0.317336479502685,0.315180494295849,70126.1244072156,0,0.0546485186829851,0.15688600094553,0.942730770454909,0.000971034134789717,65481090.2533626,0,0.434654951095581,136.99617099762,1,163,1,3,1945,FALSE,TRUE,2
3_164_12,0.918249643236296,0.415296138244165,0.175859534275558,1.40635987611605,0.503486570500574,0.260687459648939,0.542481625627753,0.838535844551046,0.329897622613967,2.31633589490558,0.878193193048305,0.183336661473963,0.951615769726433,0.592204447241383,0.0044007328839945,1.95256104441425,0.317822636766184,0.338880197239402,179020.651120037,0,0.0559701660387879,0.116650857886565,0.939267077882352,0.00263419241198341,65481090.2533626,0,0.400718927383423,137.822377920151,12,164,0,3,1968,FALSE,TRUE,1
3_167_11,0.625465896151125,0.436527386006435,0.104741947865187,0.862913038958117,0.875963973601857,0.394569113477833,0.78597299925795,0.560289386512834,0.386424987681995,1.98613309168057,0.630301008012703,0.245950315924285,0.981991830813953,0.640966054191457,0.0380224231251699,1.69300327523864,0.350427623809444,0.322531513680016,175393.035543718,0,0.0553789984601942,0.141530381921656,0.9405432479601,0.0025787874338421,65481090.2533626,0,0.396701097488403,140.370981931686,11,167,0,3,2003,FALSE,TRUE,3
3_32_11,1.16533064550427,0.553883800189061,0.127705003409331,2.32127977020694,0.750591203017627,0.292252678018334,0.592227381795864,0.424647475411309,0.390864180009153,1.32594806679977,0.547262486337892,0.13124587968165,0.732136210137687,0.532524492228037,0.00422415173909716,2.12296219173498,0.308452279267035,0.335576058566774,9266.57393325328,0,0.0517890619485175,0.277688061879542,0.948567143941357,0.0000415194183706428,65481090.2533626,0,0.346818923950195,25.7673020362854,11,32,1,3,383,TRUE,TRUE,1
3_55_1,0.689345900275608,0.498608899574193,0.252817712049929,2.56548135114443,0.790996315060132,0.330442285372229,0.548965336466507,0.443018951696814,0.357839593919486,1.75493238161691,0.95438743911631,0.186929318043983,0.629769371840116,0.539318677261362,0.00493293549065201,1.96568383987317,0.378592331132079,0.390478113485957,228737.332083635,0,0.0656464545285852,0.041907625492563,0.917360610022742,0.00339352083697642,65481090.2533626,0,0.35879397392273,42.5854139328003,1,55,1,3,649,FALSE,TRUE,3
3_70_3,0.735995679334423,0.531204301190411,0.265705245882936,2.16169527227001,0.799864692333071,0.323957810551569,0.719493948723187,0.448846983397875,0.348683608414286,2.30957752771448,0.629973971972778,0.139965251828801,0.751891965063908,0.38873373698284,0.0204565810055224,2.03079273196057,0.430812450674032,0.408185455533466,479162.485266127,0,0.0629885442809117,0.053194427946857,0.923080911363231,0.0072182921905574,65481090.2533626,0,0.404619932174683,54.4348270893097,3,70,0,3,831,FALSE,TRUE,3
3_80_8,0.795077022280868,0.370249231477401,0.231768568541117,1.75551747332028,0.858560966762003,0.32242548305671,0.632961100743866,0.574745287737614,0.357492579855463,2.41602229062275,0.833247037443634,0.125708617796371,0.636909393447216,0.398410652474245,0.0175915918365718,2.04173066124758,0.327687454585183,0.355409561550316,645641.294924474,0,0.0670139463360548,0.026421927863413,0.912935447144735,0.00976094165714469,65481090.2533626,0,0.397592067718506,63.0940980911255,8,80,0,3,956,FALSE,TRUE,2
3_82_12,0.891452398931894,0.449938770605398,0.279853978150636,2.70997860707167,0.738032222797076,0.371035001602084,0.749642533576546,0.33027483753384,0.372239810482105,2.34718484383799,0.729123372904016,0.159801181252557,0.744523366225332,0.615458414309387,0.00691224496727991,2.0131477517444,0.337195308770239,0.341956980054377,154498.518492627,0,0.0603951539864978,0.0598707181149448,0.930053057158172,0.00225966313962359,65481090.2533626,0,0.439627885818481,65.130665063858,12,82,1,3,984,FALSE,TRUE,2
3_82_7,0.633355649293336,0.376413151469905,0.198244879256728,1.62964187012813,0.922254429686731,0.218763128682701,0.556149587455462,0.38225858624777,0.364796130841805,1.92559879495596,0.947981126752732,0.106160260799235,0.68830264371874,0.480951571237045,0.0494211539277307,1.93887707604576,0.394300390410544,0.427547126454619,624898.773639732,0,0.0669448661285034,0.0386813075857686,0.91311485270937,0.00944413881125361,65481090.2533626,0,0.452681064605713,65.1331090927124,7,82,0,3,979,FALSE,TRUE,3
3_83_6,1.184909697775,0.796942107849963,0.27601138070795,2.93531088340071,0.934974901936029,0.254055239576784,0.592734935289232,0.46364984342866,0.36408032197341,2.48989522198121,0.623723591812543,0.173195997677855,2.33763188998976,0.382509779209313,0.00760754373197328,1.8700693593383,0.395559283691135,0.311671294640573,12931.0036630589,0,0.0520018813571069,0.27988796540078,0.948143564139511,0.0000974866631927214,65481090.2533626,0,0.384995937347412,65.8814709186554,6,83,1,3,990,TRUE,TRUE,2
3_86_9,0.616859342941414,0.442210172711846,0.239843124100883,2.36545705934178,0.882680303222058,0.250732868614832,0.606043721429738,0.570936180593515,0.348053799014703,2.4783752439565,0.698087019845922,0.123041016407808,1.42961957228454,0.500520021175163,0.0919936308566284,1.87133842805504,0.394130965849471,0.355897983632809,254433.045605103,0,0.0570704166999651,0.0904851599187806,0.936855856908118,0.00378597434149763,65481090.2533626,0,0.416697978973389,68.4318490028381,9,86,0,3,1029,FALSE,TRUE,2
3_91_12,0.999731399270846,0.369012853136837,0.238944069482919,1.8761883485389,0.746070895582913,0.334839358552751,0.785995918686324,0.354055836473394,0.397522636752632,2.125834712089,0.652624551969746,0.115608199712596,0.543641189910499,0.609374175188187,0.0390815996576515,1.93620659188671,0.34230676228829,0.381934315091747,519312.783671204,0,0.0635561406769524,0.0528642255047258,0.921688413539816,0.00783151218553753,65481090.2533626,0,0.463274002075195,72.5538229942322,12,91,0,3,1092,FALSE,TRUE,3
3_95_6,1.10244097488103,0.320185612162539,0.258445037030622,2.48157306808679,0.694997185396949,0.371035001602084,0.749642533576546,0.33027483753384,0.372239810482105,2.34718484383799,0.729123372904016,0.159801181252557,0.744523366225332,0.615458414309387,0.00691224496727991,2.0131477517444,0.337195308770239,0.320956067701002,186618.757216684,0,0.0625429898864641,0.0551434716132315,0.924989539827602,0.00275023913560764,65481090.2533626,0,0.642153978347778,75.9530110359192,6,95,1,3,1134,FALSE,TRUE,2
3_96_3,0.821915127636711,0.632220023523246,0.259050187966761,2.83517723276775,0.785598698254178,0.351986940504534,0.560406270479813,0.534253192891216,0.365094447645313,1.83811852280367,0.354810606150498,0.126413952422128,0.801748657591106,0.510478375128837,0.0275449366606667,2.01613803436041,0.350983642550795,0.328651582302097,6848.86768572739,0,0.0514070505382344,0.283023889402867,0.94932311335444,0.00000459352063475471,65481090.2533626,0,0.442636966705322,76.9165499210358,3,96,1,3,1143,TRUE,TRUE,1
3_97_1,0.587354792869991,0.61577818474653,0.197510829309922,2.1393191489173,0.753566888137567,0.314388535338267,0.749060685382147,0.413395330881215,0.36960584421257,2.32040020551965,0.912982939821341,0.223184415429583,0.611389476614789,0.510739550657144,0.0144927135865649,2.06898853724069,0.424832056699779,0.441727544874525,576709.744012011,0,0.0662059728715865,0.0349848724722392,0.915022229955245,0.00870814237585297,65481090.2533626,0,0.437694787979126,77.7741279602051,1,97,0,3,1153,FALSE,TRUE,2
3_98_4,0.760967965471604,0.474510429971724,0.227859228991026,2.35906706692215,0.820002468722679,0.230025358964012,0.632520822813925,0.669516459267996,0.338513351796468,2.53399019436093,0.735517481859861,0.172319188966391,0.869885651496185,0.589439902870524,0.0471585671886281,1.84301327275524,0.415109246238289,0.352048883667084,250282.60919822,0,0.0571569779450104,0.0982140446628004,0.936664164570899,0.00372258426237752,65481090.2533626,0,0.844253063201904,79.0223670005798,4,98,0,3,1168,FALSE,TRUE,3
3_98_9,0.821915127636711,0.632220023523246,0.259050187966761,2.83517723276775,0.785598698254178,0.351986940504534,0.560406270479813,0.450526793265191,0.365094447645313,1.83811852280367,0.354810606150498,0.126413952422128,0.801748657591105,0.510478375128837,0.0275449366606667,2.01613803436041,0.350983642550795,0.328651582302097,6848.86768572739,0,0.0514204697887086,0.282172499410811,0.949296652602955,0.00000459352063475471,65481090.2533626,0,0.887290954589844,79.0788459777832,9,98,1,3,1173,TRUE,TRUE,1
5_113_11,2.68645742913938,0.370443062307903,0.297843265843082,1.44035011626212,0.570891880468446,0.374910095138668,0.508337787036788,0.398778784817793,0.323329082354067,1.56714876412154,0.646836119040196,0.137500844793143,1.35264092926853,0.395435362301482,0.100803787178494,1.38224754678875,0.493121872321478,0.31118853862892,45188.7516149143,0,0.0541769058522814,0.182924823167566,0.943714964048727,0.000590162852981783,65481090.2533626,0,0.615159034729004,124.901401758194,11,113,1,5,1355,FALSE,TRUE,3
5_116_5,2.68645742913938,0.370443062307903,0.297843265843082,1.44035011626212,0.570891880468446,0.374910095138668,0.508337787036788,0.398778784817793,0.323329082354067,1.56714876412154,0.646836119040196,0.114049214382084,1.35264092926853,0.395435362301482,0.100803787178494,1.38224754678875,0.493121872321478,0.31118853862892,45188.7516149143,0,0.0541216982558754,0.181071219643818,0.943829617267135,0.000590162852981783,65481090.2533626,0,0.533004999160767,128.581489801407,5,116,1,5,1385,FALSE,TRUE,2
5_122_12,0.874210417565156,0.498556715461748,0.268668599014042,0.580755572126768,0.390561127933535,0.356245497087607,0.643839738822793,0.371940903733667,0.357514610396244,2.79957796124152,0.967859837565915,0.253048257721622,1.95218055016019,0.349043809118763,0.260982545025905,1.51133286217157,0.616245763537218,0.350449139270994,149419.303702875,0,0.0567966242071726,0.102566511361477,0.93746026539985,0.00218208772445605,65481090.2533626,0,0.625560998916626,135.646426677704,12,122,0,5,1464,FALSE,TRUE,3
5_124_6,1.39307952755114,0.340554180113228,0.293371611597765,1.19840221236477,0.666732276083208,0.372170789502413,0.594277289634749,0.419008251463589,0.339721342950132,2.92304415949998,0.770129269662845,0.174514512482405,1.50880600791121,0.342767687452049,0.240247429410511,1.84531867908764,0.357699553500815,0.327748755876241,225653.225069217,0,0.0572882202494819,0.0789153619234485,0.936372970579101,0.00334641692584681,65481090.2533626,0,0.632174968719482,137.917449712753,6,124,0,5,1482,FALSE,TRUE,3
5_129_4,1.44590755145757,0.37465570457684,0.286229860883064,1.69543760639976,0.677450782822635,0.390854506855515,0.513489362220022,0.528931006074092,0.31891110733709,2.62869342865104,0.817698245871059,0.199725848210053,1.87762663279494,0.550126827770777,0.188018982261081,1.49407837078032,0.485608114040159,0.335715849254212,42850.264215799,0,0.0550119231638329,0.145804814249508,0.941966574347535,0.000554446873571646,65481090.2533626,0,1.05019617080688,143.83716583252,4,129,1,5,1540,FALSE,TRUE,3
5_131_5,2.2292362457284,0.30336568292463,0.298475395977314,0.519585043345679,0.338401703584523,0.335724995497002,0.732585463676972,0.333067731884778,0.284667799932324,2.33195638415242,0.3993528168032,0.114049214382084,1.35264092926853,0.395435362301482,0.100803787178494,1.38224754678875,0.493121872321478,0.31118853862892,45188.7516149143,0,0.0542624407410985,0.17693186717599,0.943537097311261,0.000590162852981783,65481090.2533626,0,0.514589071273804,145.999883651733,5,131,1,5,1565,FALSE,TRUE,2
5_132_11,0.739736084085248,0.461379671898538,0.253409595236851,1.04910860286568,0.582106280834453,0.380368837440767,0.509330798077187,0.484884149820786,0.366132022542914,2.95311135116079,0.980595561754602,0.23379102678429,0.869585525963864,0.344915100641967,0.144120186366358,1.46154782701673,0.33665481295847,0.312541113736889,239205.558111901,0,0.0578246477252426,0.0734070556128869,0.935175828006574,0.00355340322309816,65481090.2533626,0,0.842388868331909,147.463912725449,11,132,0,5,1583,FALSE,TRUE,2
5_133_8,1.95234154767774,0.302904042384236,0.271622786737804,0.848804800827813,0.499001222944661,0.38819472547082,0.513110251401258,0.6154157957646,0.306588368699315,2.18044751350225,0.99629171743916,0.268315433096978,1.96542029864704,0.300719410128928,0.166768219756538,2.11780236488793,0.347620052482925,0.349128013775786,113950.41122959,0,0.0553280163125677,0.138463083526068,0.940652669860495,0.00164036736549433,65481090.2533626,0,0.629877805709839,148.61424279213,8,133,0,5,1592,FALSE,TRUE,2
5_135_7,1.44287846472367,0.356087154730825,0.290684338987694,0.636502005053645,0.414859322349375,0.381327703624948,0.640321010298028,0.442926528793317,0.392031407977245,2.48897474105674,0.945571002500617,0.269455220155431,1.17460794871872,0.37952634229721,0.216738885396656,1.56926683166673,0.455351913578151,0.317649599629797,153202.568980583,0,0.0561682331116671,0.108173487408045,0.938836474316187,0.00223986995788302,65481090.2533626,0,0.878639936447144,151.344419717789,7,135,0,5,1615,FALSE,TRUE,2
5_136_5,2.2292362457284,0.30336568292463,0.298475395977314,0.519585043345678,0.335376344193997,0.335724995497002,0.732585463676971,0.333067731884778,0.284667799932324,2.33195638415242,0.3993528168032,0.114049214382084,1.35264092926853,0.395435362301482,0.100803787178494,1.38224754678875,0.493121872321478,0.31118853862892,45188.7516149143,0,0.0542631369053679,0.176933555730304,0.943535648511428,0.000590162852981783,65481090.2533626,0,0.61667013168335,152.46385884285,5,136,1,5,1625,FALSE,TRUE,3
5_138_11,2.2292362457284,0.30336568292463,0.298475395977314,0.599401393322163,0.38510117007462,0.291247812978851,0.787000635851325,0.330758256481861,0.321100832458199,2.26192396216629,0.478917344907912,0.134781642481885,1.35264092926853,0.395435362301482,0.100803787178494,1.38224754678875,0.493121872321478,0.31118853862892,45188.7516149143,0,0.0543710100777555,0.174633822668981,0.943310927147965,0.000590162852981783,65481090.2533626,0,0.533751010894775,154.680328845978,11,138,1,5,1655,FALSE,TRUE,3
5_139_6,0.714771685157336,0.538982877457097,0.243801453400117,1.19840221236477,0.666732276083208,0.372170789502413,0.594277289634749,0.419008251463589,0.293541972353281,2.86941821497974,0.761851587744468,0.117156663741085,0.990449458019853,0.345684868065351,0.15648083125324,1.64133514735123,0.688180997803198,0.462127009929418,418605.301664302,0,0.0629455751318494,0.0566069523813675,0.923185819977333,0.00629339555717083,65481090.2533626,0,0.498808860778809,155.624623775482,6,139,0,5,1662,FALSE,TRUE,3
5_141_2,1.95234154767774,0.302904042384236,0.271622786737804,0.848804800827813,0.499001222944661,0.38819472547082,0.513110251401258,0.6154157957646,0.306588368699315,2.18044751350225,0.99629171743916,0.312863496516338,1.91232898198715,0.330914617193747,0.117497185834245,2.11780236488793,0.347620052482925,0.349128013775786,113950.41122959,0,0.055438092056482,0.135409193432904,0.940416290521644,0.00164036736549433,65481090.2533626,0,0.495265007019043,158.327372789383,2,141,0,5,1682,FALSE,TRUE,2
5_143_6,1.93412427731512,0.320511978134245,0.288394422632676,1.01017680287215,0.312572834353176,0.390328729034661,0.659242458005264,0.40145854969777,0.384241083746393,2.70444448509933,0.739776338368081,0.223143014348774,1.99239875475293,0.577127658236192,0.287543871749393,1.5750941968079,0.406426655523011,0.3742825727728,142700.244980609,0,0.0560534946998571,0.120572380650807,0.939086104313458,0.00207946678962837,65481090.2533626,0,0.637890100479126,160.407772779465,6,143,0,5,1710,FALSE,TRUE,3
5_146_8,2.51381320293858,0.354154915779592,0.287953843627599,1.24225084297769,0.758869729489102,0.379114534956651,0.588975237073633,0.547648049241692,0.338141897230477,1.38583899832051,0.322693085053836,0.109268000620244,1.7615327449396,0.461192165739227,0.0887753728639456,1.35095492000868,0.444342314706517,0.30922989509242,41778.1079973163,0,0.0537943218792209,0.197901024881884,0.944507099343653,0.000538071711816116,65481090.2533626,0,0.528035879135132,163.39271569252,8,146,1,5,1748,FALSE,TRUE,3
5_149_11,1.6575358077904,0.301716780593782,0.268723355621644,1.53323702974866,0.874512046502642,0.364133564352149,0.586597888443535,0.491269939313939,0.305010609562286,2.87283755038748,0.784263982566626,0.205082710643493,0.894711526950355,0.475973687985793,0.116215216535278,1.89311746100773,0.341464595604842,0.32795756507038,188353.797539105,0,0.0562336470993426,0.103154733923587,0.938693928266107,0.00277673860037053,65481090.2533626,0,0.547989130020142,166.376025676727,11,149,0,5,1787,FALSE,TRUE,1
5_149_7,1.44220404993401,0.359327328441247,0.287493546525179,1.38152593002234,0.544235707621622,0.388164481233903,0.518250400313324,0.449924914083172,0.349347337079206,2.21935564843644,0.545035143057094,0.118417689708788,1.58185832864206,0.31814217945055,0.214328723838343,1.2083111939386,0.555286991836624,0.302114583612972,214363.999523552,0,0.0561215250625654,0.105733527438614,0.938938156030927,0.00317399532233598,65481090.2533626,0,0.534423112869263,166.34823179245,7,149,0,5,1783,FALSE,TRUE,1
5_151_3,1.86150180584363,0.314100286004771,0.274899404909683,0.505741465872493,0.507699299366187,0.365917178125203,0.58939606901795,0.48656622379707,0.312466018673612,2.20338265269967,0.568263281013412,0.168612420972527,1.35307810718958,0.513885785617673,0.0998732225240808,1.2214630219077,0.647878938339535,0.344285697777347,38042.6650864406,0,0.0545036672920166,0.167312233820332,0.943033963796438,0.000481019874742694,65481090.2533626,0,0.946681022644043,168.724175691605,3,151,1,5,1803,FALSE,TRUE,2
5_151_5,0.671859169685094,0.376114970597137,0.262928459492328,0.713591817394996,0.394072690367426,0.295614806820531,0.787795044683645,0.399642548484255,0.355343184609277,2.6293059682023,0.745924899079437,0.23057509240365,0.966196606624796,0.35501915297387,0.135456906528785,1.44568777097114,0.493121872321478,0.31118853862892,200402.196812504,0,0.0567244684712371,0.102087565442514,0.937619068292893,0.0029607551490749,65481090.2533626,0,0.982158899307251,168.764737844467,5,151,0,5,1805,FALSE,TRUE,2
5_153_11,2.2292362457284,0.30336568292463,0.298475395977314,0.535548313340975,0.347741596882542,0.326829558993372,0.743468498111842,0.332605836804194,0.291954406437499,2.3179498997552,0.415265722424142,0.118195700002044,1.35264092926853,0.395435362301482,0.100803787178494,1.38224754678875,0.493121872321478,0.31118853862892,45188.7516149143,0,0.0542816793658551,0.176328188180354,0.943497052626588,0.000590162852981783,65481090.2533626,0,0.462965965270996,170.751149654388,11,153,1,5,1835,FALSE,TRUE,2
5_153_3,1.63714869860199,0.325982270102902,0.291087672631144,1.35609695789055,0.872419260461594,0.316089338048691,0.649044301576861,0.308083177242779,0.374058818397507,1.98811438566273,0.627795552880735,0.16664503551308,2.47723139243142,0.618840846892231,0.226357141309787,1.35736199102713,0.533053543893517,0.300700844183233,20361.0029197128,0,0.0530632918079387,0.213249657725329,0.946005076758348,0.000210965872261104,65481090.2533626,0,0.449579000473022,170.710405826569,3,153,1,5,1827,FALSE,TRUE,2
5_157_5,1.6575358077904,0.301716780593782,0.268723355621644,1.53323702974866,0.874512046502642,0.364133564352149,0.612671006047198,0.567610637150598,0.331783049855704,2.15554569980795,0.871463050924823,0.210903097027475,1.20889577051853,0.443781628710456,0.175082742994088,2.35915641963932,0.341941646590642,0.323062068795571,188353.797539105,0,0.0559976037700669,0.116621340204138,0.939207518221905,0.00277673860037053,65481090.2533626,0,0.692998886108398,175.151183843613,5,157,0,5,1877,FALSE,TRUE,1
5_162_12,0.562078982244432,0.543581769072999,0.260630591790349,0.746762997816481,0.634488435216671,0.391061856007998,0.611250746599674,0.587198971075069,0.398433114271759,2.50755859094566,0.570693548656371,0.178178498988568,1.90938929065315,0.344212898752794,0.179305048967704,1.46648089662343,0.418530444217008,0.314866293482392,260342.455824098,0,0.0574028421031431,0.0752946958078749,0.93611810687546,0.00387622942424367,65481090.2533626,0,1.89543390274048,181.705359697342,12,162,0,5,1944,FALSE,TRUE,2
5_162_5,1.6575358077904,0.301716780593782,0.268723355621644,1.50336729644431,0.632579763619421,0.379541677497437,0.5542532897158,0.499066164233969,0.3151129128939,2.28546905976575,0.506505188124278,0.13673717940713,1.32389189751853,0.405104615583276,0.115659578341613,1.57762932135886,0.462885827175311,0.31356324466225,188353.797539105,0,0.0555599281403491,0.121624359316122,0.940154108957172,0.00277673860037053,65481090.2533626,0,1.79845190048218,181.5789706707,5,162,0,5,1937,FALSE,TRUE,3
5_163_6,0.501875186487411,0.364361650436661,0.266944373243987,1.46463384467971,0.561166285044015,0.388205246092055,0.671772739769841,0.40145854969777,0.381511453889184,2.81808520640319,0.937985314023357,0.221042710960503,1.30299273314515,0.461553023186672,0.158837412790894,1.51095794833028,0.537728424225611,0.330283480266583,204841.822897291,0,0.0572708666919114,0.0803622774642402,0.936411512117999,0.00302856205446722,65481090.2533626,0,0.535887002944946,182.799929857254,6,163,0,5,1950,FALSE,TRUE,3
5_164_11,1.6575358077904,0.315254972767432,0.290586826914345,1.20569003782563,0.736343861816787,0.385109794507845,0.522409981303725,0.431217040700463,0.3151129128939,2.28546905976575,0.506505188124278,0.13673717940713,1.32389189751853,0.405104615583276,0.115659578341613,1.57762932135886,0.462885827175311,0.31356324466225,188353.797539105,0,0.0556031459523781,0.119914835425403,0.940060969369435,0.00277673860037053,65481090.2533626,0,0.545850992202759,183.839026689529,11,164,0,5,1967,FALSE,TRUE,2
5_164_12,0.80453072330403,0.346711140975891,0.243916125622646,1.50092926906673,0.715464767077498,0.335991601541114,0.62445952001907,0.451970501904259,0.324102461452471,2.91031203986724,0.977902885766804,0.278367679609556,0.705497627146633,0.503836674841803,0.0408686520036964,1.62609988801062,0.415473954196035,0.351822361837387,315217.49194274,0,0.0597604967410465,0.0547378400081754,0.930762817860623,0.00471434198404852,65481090.2533626,0,0.542098999023438,183.840181827545,12,164,0,5,1968,FALSE,TRUE,1
5_166_7,1.29916667185294,0.373667435897952,0.283897801042998,1.338384253177,0.300385450160509,0.382791025646958,0.528830664195831,0.421253056325783,0.372018781438407,2.69963533859191,0.82502535488888,0.153437697711914,1.3416164541853,0.31524146748938,0.10577948292282,1.8438238277401,0.33262372035684,0.363567924996303,102092.126805897,0,0.0551591135080808,0.14341082386039,0.941014462343622,0.0014592544621379,65481090.2533626,0,0.585558891296387,186.036378860474,7,166,0,5,1987,FALSE,TRUE,2
